pmid,finding
40020426,"LpxC, an enzyme essential for Gram-negative bacteria survival, is a promising target for the development of novel antibacterial inhibitors."
38402732,"LpxC is a promising target for drug discovery against multi-drug resistant Gram-negative infections, with potential opportunities associated with carbohydrate scaffolds."
37666971,LpxC inhibitor eliminates bacterial infections.
37023679,LpxC is a conserved metalloenzyme and a promising target for small molecule inhibitors due to its role in essential outer membrane lipid A synthesis.
36565833,"LpxC, a rate-limiting metallo-amidase, is identified as a prime therapeutic target for developing novel antibiotics to combat increasing bacterial resistance."
36587505,Benzyl ether 17a was identified as the most potent inhibitor of the bacterial deacetylase LpxC.
37556556,"The preclinical characterization of LPC-233, a slow, tight-binding LpxC inhibitor, establishes the feasibility of developing oral antibiotics for treating Gram-negative bacterial infections."
40712776,"LpxC inhibitors, such as LpxC-4, demonstrated potent bactericidal activity against carbapenemase-producing Citrobacter spp. isolates."
40783847,"While novel therapies targeting LPS are promising, their translation into standard sepsis care is limited by pharmacokinetic challenges, toxicity, and resistance mechanisms."
37298854,Developing novel antibiotics by targeting bacterial zinc metalloenzymes is a priority due to the rising threat of multidrug resistance in Gram-negative bacteria.
39341094,"Collectively, compound 6i could be a promising Gram-negative antibacterial agent for further investigation."
39882860,"Plague caused by Y. pestis harboring the pIP1202 plasmid is effectively cured by LPC-233-A, which acts as a potent inhibitor of the essential LpxC enzyme."
41747910,"The novel 1,2,3-triazole derivatives, such as a5, are potent LpxC inhibitors effective against multiple Gram-negative pathogens."
35131156,The PK/PD index that best correlated with the efficacy was the fCmax/MIC.
35187355,The study successfully adapted a medium-throughput surrogate host model to screen compounds that inhibit LPXC in K. pneumoniae.
39670750,LPC-233 significantly and dose-dependently rescued mice from B. pseudomallei infection in comparison with the vehicle.
40374903,The in silico study identified P-2 as a potential lead compound that may act as a potent inhibitor of LpxC for developing targeted therapies against MDR P. aeruginosa.
36622182,The combination of Celastrol and Vancomycin showed a synergistic effect against Enterococci.
40107113,Carvacrol exhibits excellent antibacterial activity and shows synergistic effects when combined with first-line antibiotics against drug-resistant bacteria.
40100965,"The study identified derivative C11 as a potent inhibitor of FtsZ polymerization, demonstrating antimicrobial activity against resistant bacterial strains."
38738900,The text describes a single-step cell-based assay using fission yeast to discover novel molecules targeting bacterial cytoskeletal proteins (FtsZ and MreB) while minimizing toxicity to eukaryotic cells.
35453046,"PC190723 inhibits FtsZ protein by increasing its high-affinity conformational stability, which disrupts the normal assembly of the Z-ring."
38010605,FtsZ is a promising pharmacological target for anti-tuberculosis therapies because its function is vital for cell division in Mycobacterium tuberculosis.
35421657,"A3 exhibited excellent antibacterial activity against S. aureus, S. epidermidis, and E. faecium by promoting the polymerization of FtsZ and interrupting bacterial division."
39714990,Magnolol is a promising antimicrobial compound that inhibits cell division by affecting FtsZ polymerization.
37060755,"The synthesized fascaplysin derivatives, including B3, B6, B8, and B16, are potent FtsZ inhibitors that disrupt bacterial cell division by inhibiting FtsZ GTPase activity."
35625352,"Fts-Z is a critical bacterial target whose inhibition disrupts cell division and leads to cell death, offering a potential strategy against antibiotic resistance."
38491859,The combination therapy of colistin and chelerythrine effectively combats multidrug-resistant bacterial infections by targeting both the bacterial membrane and the FtsZ protein.
35224498,Dacomitinib was identified as a potent inhibitor of the FtsZ protein.
39895579,"The study successfully identified novel FtsZ inhibitors with antimicrobial activity through virtual screening and in vitro biological evaluation, demonstrating their potential for further investigation."
35297088,"Novel compounds were found to efficiently bind to specific pockets on the surface of Mtb FtsZ, demonstrating an effect on its polymerization state and kinetics."
39043879,The study successfully identified T3995 as a promising antimicrobial inhibitor that targets the FtsZ protein.
38516734,Nimbiol shows potential as an anti-FtsZ compound.
41016161,Compound 11e is a potent FtsZ inhibitor that shows potential as a novel bactericide for enhancing the yield and quality of rice.
40879877,"This integrative study highlights promising natural compounds with strong binding affinity and dynamic stability, positioning them as potential anti-TB drug."
38239064,"The study identified natural compounds, such as ZINC14708526, that bind to the nucleotide-binding site of FtsZ from Acinetobacter baumannii."
39859428,Benzodioxane-benzamide inhibitors were identified for targeting FtsZ in Streptococcus pneumoniae.
40049472,"The N-heterocyclic imine derivative TTMB acts as a broad-spectrum antibacterial agent by inhibiting FtsZ GTP hydrolysis and assembly, thereby destroying the Z-ring in pathogenic bacteria."
41886480,"Tacrine-β-carboline hybrids exert antibacterial effects by promoting FtsZ polymerization and suppressing GTPase activity, thereby disrupting bacterial cell division."
41109377,Sorafenib and ponatinib were identified as potential inhibitors of FnFtsZ.
37852326,"BamA, an essential outer membrane protein in gram-negative bacteria, represents a promising and druggable target for developing new antibiotics to overcome resistance."
39379361,"The study discovered two peptide macrocycles, PTB1 and PTB2, that target distinct conformational states of BAMA, providing new leads for antibiotic development."
40210867,The peptides bind to BamA and trap it in conformations that block the initiation of OMP assembly but favor a later assembly step.
37175168,The BAM complex is critical for Outer Membrane Protein (OMP) biogenesis and serves as an attractive target for developing new antibacterial drugs against Gram-negative bacteria.
37624881,Transformable nano-antibiotics (TNA) target structures like BAM A and LPSs to kill Gram-negative bacteria and induce robust immune responses.
41424594,The study identified molecular elements and specific hotspots on BAMA that can be targeted for structure-based design of peptidomimetics against Gram-negative pathogens.
41504460,"Darobactin B exhibits notable anti-biofilm activity, causing biofilm disruption and cell detachment when administered repeatedly in a multi-dose regimen."
41027174,"The optimized compound 5 is a potent anti-Gram-negative agent that damages the outer membrane by binding to and affecting the function of the BamA protein, thereby inhibiting its interaction with BamD."
41777534,"The study isolated two novel bacteriophages, vB_EcoM_BYEP01 and vB_SalS_SP14, which efficiently target ECOLI and SALMONELLA, respectively, and can enhance antibacterial activity when combined with antibiotics."
35575581,"The WalRK two-component system is essential for cell envelope biogenesis in Clostridioides difficile, and WalR regulates the expression of genes encoding cell wall components like S-layer proteins and PG hydrolases."
37291783,The inhibition of Mur enzymes may lead to novel antibacterial agents that may help in controlling or overcoming bacterial resistance.
32725318,"The study prioritized MurB, MurE, and MurG from Acinetobacter baumannii as potential drug targets based on protein sequence and enzymatic classification."
12562791,Characterization of the MURA enzyme revealed that it is essential for the viability of E. coli and is a specific target for the antibiotic fosfomycin.
26555890,"The study identified 20 potential therapeutic targets, including the enzymes MurA and MurB, which are essential to S. typhi and absent in humans."
34188494,The isolated compound β-sitosterol from Kemangi was evaluated for its antibacterial activity against oral pathogens such as S. sanguinis and E. faecalis.
38219368,"Castanopsis honey significantly inhibits the activities of glutathione peroxidase and tyrosyl tRNA synthetase in Streptococcus pyogenes, thereby regulating oxidative stress and inhibiting bacterial growth."
36828801,"Nanomedicine, utilizing advanced nanoparticle designs, is emerging as a strategy to overcome antibiotic resistance by employing various mechanisms such as antivirulence and physical targeting."
36705032,The review emphasizes that understanding the structure-activity relationships of antibacterial peptides and innate immunity is crucial for developing novel agents to combat multi-drug resistant pathogens.
35980047,"Targeting the bacterial enzyme GlmU, which is essential for cell wall synthesis, represents a promising strategy for developing novel antibacterial agents."
39344919,"The AMV@NanoCip nanomedicine, coupled with ultrasound stimulation, significantly enhances antibacterial activity and achieves high levels of MRSA sterilization in vitro."
36629427,"Due to increasing antibiotic resistance and biofilm formation, alternative antimicrobial strategies, such as targeting bacterial metalloenzymes or utilizing peptide nucleic acids, are necessary."
37638039,"The editorial discusses novel targets, mechanisms, and strategies for combinational immunotherapy of cancer."
38712692,Micro/nanomotors are presented as desirable alternatives to traditional antimicrobial treatments for combating multidrug-resistant bacteria and established biofilms.
38305166,Four AsmA-like proteins are redundantly essential for growth and outer membrane integrity in Pseudomonas aeruginosa.
37364239,"Targeting riboswitches, structured RNA elements found in bacteria, represents a promising novel approach for developing antibacterial drugs."
37184207,"The novel antimicrobial peptide Jelleine-Ic effectively controls Pseudomonas syringae pv. actinidiae by targeting the cell membrane, binding to DNA, and reducing the expression of genes related to DNA replication and repair."
38219657,The review summarizes the current status and necessity of developing novel antistaphylococcal agents and targets due to the alarming spread of antibiotic-resistant Staphylococcal aureus strains.
38913205,Phytoconstituents are highlighted as promising alternative treatments for multi-drug resistant bacterial infections due to their novel mechanisms of antimicrobial activity.
40745162,"Paenimicin, a novel depsi-lipopeptide, exhibits broad-spectrum efficacy against MDR pathogens by sequestering phosphate and hydroxyl groups from bacterial components such as lipid A and teichoic acids."
38026522,"Metal-phenolic networks (MPNs) are promising novel materials for treating chronic wounds because they combine chemocatalytic, bactericidal, anti-inflammatory, and antioxidant properties."
36829246,The development of novel antimicrobials that selectively target specific pathogenic bacteria and fungi is crucial for treating infections with high specificity while minimizing harm to the beneficial microflora.
37638018,"The text is an editorial title and does not contain specific genes, drugs, or mechanistic findings."
39939597,Disrupting protein homeostasis via co-translational aggregation constitutes a promising strategy for the development of broad-spectrum antibacterials.
38232301,Thiazole-containing compounds are being reviewed as promising antimicrobials to combat multi-drug-resistant infections like MRSA.
40159675,"Quorum sensing (QS) is critically important for understanding bacterial communication and offers novel therapeutic and diagnostic opportunities, including the development of QS inhibitors and biosensors."
40210708,"The global antibacterial pipeline faces significant challenges due to resistance, necessitating breakthroughs in novel targets, adjunctive agents, and bacteriophages."
40914687,"Novel antimicrobial strategies focus on disrupting microbial iron homeostasis using chelators, mimics, and nanotechnologies to combat resistance."
36838591,Nanoscale inorganic materials (metals and metal oxides) combined with antibiotics show promise for targeted delivery systems to combat increasing antibiotic resistance.
40398156,"Compound a5 is a promising lead compound because it disrupts bacterial membranes by elevating intracellular ROS, a mechanism distinct from conventional pleuromutilins which primarily target ribosomal proteins."
37606033,The study aims to identify novel molecular targets and improve antifungal drugs to combat widespread resistance in fungal infections.
39847315,The review highlights 19 novel antibacterials in clinical development that utilize new chemical scaffolds and unique mechanisms to combat antimicrobial resistance.
39276418,Cationic antimicrobial peptides (AMPs) are presented as a promising alternative for combating multidrug-resistant infections by disrupting bacterial cell membranes.
39905515,N-methyl mesoporphyrin IX (NMM) exhibited high antibacterial activity against S. aureus USA300 by repressing the expression of genes in the division cell wall (dcw) gene cluster.
38850855,Lead compound 43 is a promising candidate for treating bacterial infections because it exhibits strong antibacterial efficacy by directly destroying bacterial cell membranes.
39934535,"Bacteriophages, especially when enhanced using systems like CRISPR-Cas, represent a promising strategy for combating antibiotic-resistant bacteria."
40127436,"Fosfomycin is an irreversible inhibitor of MURA, while glyphosate targets AROA, demonstrating distinct mechanisms for inhibiting essential biosynthetic pathways."
39894233,"The global rise in antimicrobial resistance necessitates the urgent exploration of novel therapeutic strategies, such as nanoparticle-based or combination therapies, to combat multidrug-resistant Acinetobacter baumannii."
36779877,The text reviews endocytosis-mediated drug delivery systems as a strategy to improve the targeted delivery of antibiotics to intracellular bacterial pathogens.
41248274,Heme-based therapeutic interventions are promising strategies for treating bacterial infections by targeting essential mechanisms of heme homeostasis in bacterial pathogens.
37570637,"Canagliflozin exhibits antibacterial activity against both MSSA and MRSA, and its combined use with penicillin enhances these antibacterial effects."
38833551,Flavonoids are effective anti-MRSA agents whose antibacterial mechanism involves disrupting membrane structures and inhibiting efflux pumps and β-lactamases.
40695432,"Phage-derived enzymes, such as depolymerases and endolysins, are proposed as promising novel strategies to combat multidrug-resistant K. pneumoniae infections."
41340492,"Phenylvinylsulfonate-anchored azetidin-2-ones, such as compound 9j, exhibit potent antibacterial activity against MRSA by binding to penicillin-binding protein 2a (PBP2a)."
40201151,The study developed and evaluated novel exosome-like nanovesicles loaded with oridonin (ORI) encapsulated in a hydrogel system for treating chemoradiotherapy-induced oral mucositis.
40286095,Antimicrobial peptides (AMPs) are promising alternatives to conventional antibiotics due to their broad-spectrum antimicrobial activity.
37029459,"The review highlights the diverse pharmacological potential of cyanopyridine derivatives, emphasizing their use as kinase inhibitors and anticancer agents."
40439153,Gallium-based nano-liquid metals (GNLMs) are promising alternatives for diverse antibacterial and biomedical applications due to their unique properties and various mechanisms.
37771093,Identifying novel targets and understanding the detailed mechanism of biofilm regulation is imperative for developing new treatments against Pseudomonas aeruginosa biofilms.
40332123,"Targeting siderophore biosynthesis pathways, such as NRPS and PKS, presents a promising alternative strategy for combating drug-resistant infections."
40437113,"The study describes the discovery and optimization of bicyclic peptide inhibitors of E. coli PBP3, representing a novel non-β-lactam chemical class of high affinity inhibitors."
38179424,Antibiotic adjuvants are promising tools that enhance antibiotic effectiveness by targeting resistance mechanisms or inhibiting efflux pumps.
39018341,The text highlights the critical need for novel antibiotics and antimicrobials to combat the growing threat of drug-resistant bacterial infections.
41037983,The global rise of antimicrobial resistance necessitates the urgent discovery and development of novel antibacterial agents targeting unexplored mechanisms.
37343493,"Quorum sensing (QS) regulates secretory systems (SS) in zoonotic bacteria, influencing virulence and antibiotic resistance and providing targets for novel antibacterial drugs."
38593316,"Bacteriophage endolysin is a promising antibacterial agent, but its application against Gram-negative bacteria is limited by the outer membrane, requiring engineering strategies to enhance its activity."
36870429,The novel piscidin 5-like type 4 (LC-P5L4) exhibits potent antibacterial activity against Photobacterium damselae by binding to LPS and causing genome DNA degradation.
41358465,Species-specific antibacterial materials are essential for developing selective strategies to combat drug-resistant microorganisms while minimizing impact on normal flora.
40830872,Liposomal CRISPR-Cas9 formulations are an innovative approach that can reduce biofilm biomass in bacteria like Pseudomonas aeruginosa.
40430792,Autophagy is an essential cellular defense mechanism that can be therapeutically augmented to combat NTM infection.
38871198,Nanotechnology presents a promising avenue for combating antibiotic resistance by enhancing the effectiveness of existing antibiotics.
38742645,Targeting metabolic pathways and their associated genes represents a promising strategy to enhance the efficacy of antimicrobial therapies and overcome challenges associated with antimicrobial resistance.
37501364,"Antivirulence methods show promise as alternative treatments for MRSA, but require improved development to meet the standards necessary for clinical drug translation."
32499369,The folding and insertion of Outer Membrane Proteins (OMPs) into the outer membrane (OM) of Gram-negative bacteria is a critical process influenced by the lipid environment and thermodynamic stability.
41731650,"The emergence of multidrug resistance in Gram-negative bacteria is challenging because their outer membrane acts as a formidable barrier, necessitating the development of novel strategies for antibiotic discovery and potentiation."
20167788,"The synthesized peptidomimetic antibiotics target LptD, a beta-barrel protein involved in outer-membrane biogenesis, offering a non-membrane-lytic mechanism of action against Gram-negative bacteria."
34048543,The β-barrel assembly machinery (BAM) complex is a promising target for developing new antibiotics to combat antibiotic resistance in gram-negative pathogens.
40507835,"Extracellular vesicles (EVs) are sophisticated microbial structures secreted by bacteria that play a crucial role in adaptation, communication, and contributing to antibiotic resistance."
34896632,"Outer membrane vesicles (OMVs) are highlighted as promising natural nanomaterials for antibacterial therapy, offering potential solutions to the challenges posed by antibiotic resistance."
41048016,The study successfully identified and mapped distinct bicyclic peptide binders to LptDE using a combination of phage display and cryo-EM.
28570824,"Protein epitope mimetics provide powerful tools for designing new antibiotics and supramolecular synthetic vaccines, particularly targeting essential outer membrane proteins in Gram-negative bacteria."
19275539,Inhibitors targeting the Kdo biosynthetic pathway are proposed as a strategy to develop new antibiotics against Gram-negative bacteria.
41572344,"Outer membrane vesicles (OMVs) are promising nanoscale particles derived from Gram-negative bacteria for various biomedical applications, including drug delivery and vaccine development."
31799211,"The review explores how stress response systems in bacteria, particularly in Escherichia coli, sense and respond to defects and perturbations in peptidoglycan synthesis."
38382574,"Azido galactose successfully labeled the LPS of Salmonella but not E. coli, providing a novel method for studying LPS biogenesis pathways."
29185941,"Cell-wall synthesis and recycling in E. coli and P. aeruginosa are critical processes, and crucial differences in these pathways determine the bacteria's resistance to drugs like beta-lactams, fluoroquinolones, and aminoglycosides."
20447864,SurA is a major factor in the biogenesis of β-barrel outer membrane proteins and plays a critical role in the virulence of Gram-negative pathogens.
31054137,"Outer membrane vesicles (OMVs) were successfully isolated and characterized from Novosphingobium sp. PP1Y, suggesting their potential use as novel drug delivery systems."
31591200,"MRL-494 inhibits the BAM complex by targeting BamA, and resistance to this drug is attributed to the altered activity of the BAMAE470K mutant."
41192231,"Bacterial membrane vesicles (MVs) are promising tools for vaccine development and drug delivery, but their clinical translation is currently limited by low production yields and the lack of standardized isolation methods."
15192148,The protein Imp mediates the transport of LPS to the cell surface.
41096836,Ana-thanatin exhibits potent antibiotic activity against Gram-negative and Gram-positive bacteria by interacting with and permeabilizing the LPS outer membrane.
27240465,The folded β-hairpin structure of the peptidomimetic is critical for binding to the target LptD.
34125508,The screening approach identified compounds 2 and 14 as potential BAM complex inhibitors that disrupt OMP biogenesis and folding.
41480191,"Perturbing peptidoglycan biosynthesis with ampicillin, which targets penicillin-binding proteins (PBPs), significantly enhances BEV production."
32020845,"FtsZ, a bacterial cytoskeletal protein, is a highly attractive target for developing novel antibiotics due to its role in cell division."
32066012,"FtsZ, a cell division protein, has been explored as a novel therapeutic target for designing new antibacterial molecules against drug-resistant pathogens."
12952956,"Viriditoxin was identified as a small molecule that inhibits FtsZ polymerization and GTPase activity, providing a novel mode of antibacterial action."
21339840,FtsZ is a promising target for novel anti-tuberculosis drug development because its inactivation inhibits cell division.
28167546,"Antimicrobial peptides (AMPs) exhibit diverse intracellular targeting mechanisms, including interference with nucleic acids, protein biosynthesis, and cell wall synthesis, in addition to membrane lysis."
31268666,"FtsZ is identified as a highly conserved and essential protein and a promising antibacterial target, but its development is currently limited by gaps in research methodology."
31357624,"The study identified three fragments with weak affinity for the periplasmic domain of FtsQ, suggesting that the ligandability of FtsQ is low."
25791674,FtsZ is highlighted as a promising target for developing novel antimicrobials to combat the increasing threat of bacterial resistance.
39069229,"VOMG is a novel drug-like molecule that inhibits cell division, demonstrating broad-spectrum bactericidal activity against pathogens like M. abscessus."
31166174,Cell division in Streptococcus is an essential process and an ideal target for developing novel therapeutic agents and antibiotics.
29551208,The crosstalk between bacterial cell division and genome segregation represents a promising area for novel drug development.
28747001,Novel thiosemicarbazide derivatives were found to be potential alpha-glucosidase inhibitors with antibacterial and antiproliferative activity.
18323848,"The text emphasizes the critical need for novel drug targets, specifically discussing the therapeutic potential of inhibiting bacterial cell division to combat antibiotic resistance."
32681661,"FtsZ is a vital antibacterial target because its inhibition disrupts cell division, and targeting it may have low cytotoxicity toward eukaryotes."
28419231,"Antibiotic resistance in Staphylococcus aureus can develop through mechanisms such as enzymatic modification, drug efflux, or mutations that alter the structure of the cell wall or membrane."
36445584,"The authors describe a semiautomated, microscopy-based approach for characterizing the antibacterial mode of action of novel compounds by observing effects like filamentation or cell lysis in living bacteria."
19659446,"FtsZ, a prokaryotic cytoskeleton protein, is highlighted as a promising novel target for developing antibacterial drugs due to its critical role in bacterial cell division."
41498622,"The dynamic nature of the peptidoglycan (PG) cell wall is governed by a finely tuned balance between PG synthesis and PG hydrolysis, making both processes promising targets for novel antibacterial therapeutics."
34516282,"Small membrane proteins are a versatile group of regulators essential for bacterial adaptation, interacting with and modulating various cellular processes like transport, signal transduction, and stress response."
41334877,Nanobiotics represent a promising novel approach to combat efflux-mediated resistance by targeting efflux pumps and restoring the efficacy of conventional antibiotics.
20603653,FtsZ inhibition is highlighted as a promising therapeutic approach for treating staphylococcal infections.
22932926,"FtsZ is a critical cytoskeletal protein involved in cell division, and its regulation makes it a potential novel drug target for anti-tuberculosis therapeutics."
27136593,"The review summarizes structural and functional aspects of protein complexes involved in peptidoglycan biosynthesis, with a focus on protein-protein interactions that could lead to novel antibacterial strategies."
41822378,"1,3,4-Oxadiazole derivatives are promising antibacterial agents that target multiple essential bacterial pathways, such as cell wall synthesis and ribosomes."
27809794,Alternative therapeutics are essential for anthrax treatment because current antibiotics are ineffective against the harmful toxins and spores.
22639193,"FtsZ, an essential cell-division protein in prokaryotes, is a promising target for the development of novel antibacterial drugs to combat bacterial resistance."
21413908,"FtsZ, an essential protein for bacterial cell division, is an attractive and promising therapeutic target for the development of novel broad-spectrum antibacterial agents."
19896895,"WTA and LTA polymers are crucial for Staphylococcus aureus fitness, and the enzymes required for their biosynthesis represent attractive targets for novel vaccines and antibiotics."
35470106,Targeting protein tyrosine phosphatases (PTPs) is a promising strategy for developing novel antivirulence agents against pathogenic bacteria.
40871012,"Algal metabolites exhibit potent anti-MRSA activity by disrupting cell division and inhibiting metabolic pathways, offering novel therapeutic strategies against antibiotic resistance."
17346197,FtsZ is a promising novel target for anti-tuberculosis drug development because its inactivation disrupts cell division in Mycobacterium tuberculosis.
24169797,Wall teichoic acid biogenesis has emerged as a promising drug target for developing novel antibiotics against Gram-positive bacteria like Staphylococcus aureus.
34023403,"The 4-hydroxycoumarin binds to cryptic pockets in FtsZ, providing a structural rationale for its antibacterial activity."
14744157,The expressed DNA enzyme molecules repress ftsZ gene expression and inhibit bacterial cell proliferation.
40162755,"By combining transposon sequencing (Tn-seq) and flux balance analysis (FBA), the study identified 244 essential genes in Streptococcus suis that are potential targets for anti-bacterial drugs."
39225221,"The review aims to identify crucial molecular targets, including cell division proteins, membrane synthesis enzymes, and biofilm-associated components, for developing novel antimicrobial drugs against Acinetobacter baumannii."
40641276,Sanguinarine exhibits potent antibacterial activity against MRSA by inducing proteomic changes that disrupt critical cellular processes such as cell division and metabolism.
34872350,"ElsL, a novel cytoplasmic l,d-carboxypeptidase, is critical for cell wall recycling, maintaining morphology, and conferring intrinsic resistance in Acinetobacter baumannii."
40646304,The recently synthesized compounds show promising inhibitory efficacy against Escherichia coli DHFR.
32512154,Bacitracin significantly reduces biofilm formation and causes cell division defects in Streptococcus mutans.
39986228,Berberine inhibits the growth of S. flexneri by targeting the GTPase activity of FtsZ.
12481826,Advances in genomics and bioinformatics are enabling the discovery and characterization of novel antibacterial targets by analyzing essential bacterial pathways.
31717975,"FtsZ, a tubulin-like protein essential for bacterial cell division, has emerged as a promising target for developing novel small-molecule inhibitors to combat antibiotic resistance."
40843597,The document presents an updated European guideline for the management of chronic pruritus.
39406204,"The consensus recommends systemic therapies, such as novel targeted biologics and small molecules, for managing moderate-to-severe Atopic Dermatitis in pediatric patients."
39422243,"The nervous and immune systems are not separate entities but mount tightly integrated responses, forming the peripheral neuroimmune system."
40372666,"Dupilumab, which targets IL-4Rα, has demonstrated significant reductions in pruritus and lesion burden for Prurigo Nodularis."
41111453,Clinical trials support the efficacy and safety of nemolizumab in the treatment of atopic dermatitis.
33675531,Targeting the SP-NK1R pathway with antagonists represents a promising therapeutic option for treating chronic pruritus.
35689909,"Neuropathic pruritus is a complex condition arising from structural or functional damage to the nervous system, involving the interplay of various neural components."
39735535,IL-27 emerged as a potential pivotal gene related to pruritus in bullous pemphigoid and prurigo nodularis.
40913705,Rocatinlimab is a novel T-cell rebalancing therapy that targets the OX40 receptor to inhibit pathogenic T cells and treat Atopic Dermatitis.
31940048,The text discusses the general challenges and unmet needs in the clinical research and management of chronic pruritus.
40297934,Sonelokimab's dual inhibition of IL-17A and IL-17F provides enhanced efficacy over single-target therapies.
38945542,Treating pruritus poses many challenges and there are many itchy conditions that have no yet been addressed.
40487159,The Cap@Lip/Dife-MNs system effectively treats CKD-aP by delivering capsaicin and Difelikefalin to modulate neural and immune pathways.
41109703,"Therapeutic targets for Primary Sclerosing Cholangitis (PSC) and cholestatic pruritus focus on bile acid regulation, with several novel agents currently under investigation."
40914030,"E6795 selectively inhibits PAR-2 signaling, thereby targeting the three main pillars of atopic dermatitis pathophysiology: barrier dysfunction, inflammation, and itch."
39321991,"The literature suggests that cough and itch share similar underlying neuroimmune pathways and mechanisms, offering potential shared therapeutic targets."
41253264,Targeting interleukin-31 is highlighted as a highly promising therapeutic strategy for chronic pruritus in inflammatory skin conditions.
33881741,IL-31R antagonists show promise in treating chronic pruritus by blocking the signaling pathway of IL-31.
34529248,"The text highlights the need for a better understanding of the underlying causes of chronic urticaria, such as autoimmunity and vitamin D deficiency, to improve diagnostic and treatment procedures."
38254707,"While TRP channels are promising targets for chronic itch treatment, further research is necessary to understand potential adverse effects and interactions with other receptors, such as GPCRs, to develop novel and selective therapeutics."
37266844,"Lebrikizumab is a promising targeted biological agent for moderate-to-severe Atopic Dermatitis, demonstrating efficacy by selectively targeting IL-13."
35575442,"The elucidation of molecular pathways, such as the JAK signaling pathway, has allowed treatment strategies for Atopic Dermatitis to evolve from broad systemic immunosuppressants to more targeted agents."
40911739,"Recognizing Atopic Dermatitis as a continuum emphasizes the necessity for multi-targeted therapeutic strategies, with zabalafin being a promising option for sustained disease control."
33293156,The review aims to provide a scientific rationale for using non-invasive brain stimulation (tDCS) to target neural circuits associated with chronic symptoms and sequelae following burn injuries.
37671556,Nanotechnology-backed formulations are being explored as a promising approach to improve targeted drug delivery for atopic dermatitis.
41813518,The co-expression of OX40 and CRTH2 on circulating Tregs correlates with disease severity and impaired function in atopic dermatitis.
36054458,"KORs and MORs are implicated in the suppression and promotion of itch, leading to the development of opioid receptor modulators for treating chronic pruritic conditions."
36588102,PIEZO1 channels are implicated in the mechanisms underlying itching and scratching in cutaneous free nerve endings.
31919924,The most commonly practiced therapeutic approach for Kyrle's disease is the use of combination regimens involving various treatments.
39302484,"The pathogenesis of atopic dermatitis is linked to dysregulation involving the skin barrier, immune system, and the microbiota, influenced by environmental factors."
31877230,Altering BNP signaling is a promising strategy for developing novel therapeutics to modulate chronic itch symptoms.
37354250,ZI vesicular glutamate transporter 2 (VGluT2) neurons serve as endogenous negative diencephalic modulators for both pain and itch processing.
37902196,"The quantity of publications regarding itch has been increasing rapidly since 2012, reflecting the growing understanding of itch as a mechanism involving the association between immunology and neural pathways."
38459114,ORX neurons from the lateral hypothalamus modulate the contrasting processing of itch and pain in the periaqueductal gray.
33204332,RvD3 specifically reduced TRPV1-dependent acute pain and itch in mice.
39047422,Pharmacologic inhibition of Il6st/gp130 improves dermatological inflammation and pruritus.
39932924,"WISIT vaccines outperform CCVs across all investigated metrics, providing evidence that improved immunogenicity may be translated to treat dermatological disorders."
41777130,LCN2 plays a significant role in pain modulation and itch regulation by regulating neuroinflammation and binding to specific receptors.
37556125,The study aimed to characterize changes in plasma protein biomarkers associated with clinical response to nemolizumab in patients with Prurigo Nodularis.
36551194,"The distribution of nerve fibers and immune cell infiltration differs between genital and extragenital Lichen Sclerosus, suggesting distinct pathogenic mechanisms."
36080196,CPIPC was reported as a partial and selective TRPV1 agonist that dose-dependently alleviates inflammatory pain.
31364025,"Autotaxin (ATX) is an enzyme that generates lysophosphatidic acid (LPA), which activates LPARs and is implicated in the pathogenesis of various CNS and PNS disorders."
41210024,The review examines advancements in novel vehicle formulations designed to enhance transdermal drug delivery for Atopic Dermatitis.
41194653,"The novel emollient plus formulation resulted in significant reductions in pVAS10, CADESI-04, and TEWL scores in dogs with canine atopic dermatitis."
38718132,MRGPRX4 is identified as a potential therapeutic target for suppressing itch caused by phosphate-modified drugs.
34161994,"MRGPRX4 is identified as a receptor for bile acids and bilirubin, mediating cholestatic itch in humans."
32641835,"Electrophiles activate the TRPA1 receptor by modifying specific cysteine residues (C621 and C665), which promotes structural changes that enhance ion and calcium permeability."
38077377,"The review describes the molecular mechanisms of pruritus in prurigo nodularis, emphasizing that understanding itch mediators is crucial for developing novel targeted antipruritic agents."
31016733,Targeting the SP/NK1R pathway via antagonism is a potential treatment strategy for chronic pruritus.
40451369,The study revealed that ML382 enhances the binding affinity of the peptide agonist BAM8-22 for MRGPRX1 and modulates the receptor's conformation towards the fully active state.
26027744,"Research has identified new targets, such as receptors for substance P, IL-31, and nerve growth factor, for the treatment of chronic pruritus."
33501656,"Citrusinine-II, an acridone alkaloid, was purified and found to selectively inhibit the TRPV3 channel by directly interacting with Y564."
25138774,"TGR5, a G-protein-coupled receptor, is suggested to play a role in the pathogenesis of Primary Sclerosing Cholangitis (PSC) by promoting beneficial functions like inhibiting cytokine expression and preventing apoptotic cell death."
35322090,"Binding of electrophiles at C621 or C665 stabilizes the pore-open state of TRPA1, preventing rapid collapse."
30176108,The present findings suggest that IL-31RA is involved in the effects of morphine on itching and antinociception.
41596464,Targeting TRP channels pharmacologically represents a promising dual-pathway strategy to simultaneously alleviate both fibrosis and pruritus in pathological scars.
35337846,Targeted therapies for neuroimmune circuits are beneficial for controlling pruritus in atopic dermatitis.
31474543,"New targeted therapies, such as crisaborole and dupilumab, have significantly improved the treatment outcomes for severe Atopic Dermatitis."
39230880,The study aimed to investigate the association of low-dose oral metformin with clinical symptoms and scalp gene expression patterns in patients with Central centrifugal cicatricial alopecia (CCCA).
24912513,"The text reviews the current understanding of neuropathic pruritus, emphasizing the need for detailed knowledge of its mechanisms and standardized trials to improve treatment."
12606187,"The text describes the clinical classification and neuropathophysiology of itch, distinguishing between peripheral (pruritoceptive) and central (neurogenic or neuropathic) types."
29931387,The article provides a summary and overview of current and recent therapeutic options for chronic pruritus by targeting various points in the pruritic cascade.
34582571,The systematic review and meta-analysis examines the targeting of the opioid pathway for the treatment of chronic kidney disease-associated pruritus.
40119613,"Atopic dermatitis, prurigo nodularis, and chronic spontaneous urticaria are unified by an aberrant type 2 immune response, suggesting shared underlying pathophysiological mechanisms."
41880222,Beta-alanine may alleviate aquagenic pruritus by modulating a neuroimmune circuit involving the MRGPRD receptor.
33460006,A focused treatment tailored to the primary disease and the underlying molecular signals is suggested to provide fast and sustained relief of pruritus associated with psoriasis or atopic dermatitis.
25700248,Itch sensory signals are segregated from other somatosensory modalities by the expression of dedicated receptors and neurotransmitters within a distinct spinal cord circuit.
24819620,"The text reviews the molecules, cells, and circuits known to mediate the itch sensation, aiming to contribute to the development of new anti-itch therapies."
33644103,"IL-31 and its receptor are potential therapeutic targets for pruritic diseases, and nemolizumab is a drug that has successfully targeted the IL-31 receptor."
38652814,"The study identified distinct cytokine profiles, including elevated IFNγ, IL13, and IL17A, in patients with specific ircAE phenotypes compared to controls."
32433948,"The review aims to introduce basic concepts in itch biology, highlighting how distinct immunologic pathways integrate with itch-sensory circuits to inform a new paradigm of neuroimmunology and therapeutic development for chronic itch."
37172902,"The diagnosis and successful treatment of pruritus depend on identifying the specific pathway, whether histaminergic or nonhistaminergic, that mediates the itch in the patient."
29374516,"Chronic itch and anxiety are linked in a vicious cycle, suggesting that the central nervous system is a major pathway for developing new anti-itch treatments."
40601335,The objective of the trial is to evaluate the safety and efficacy of combining linperlisib and chidamide in patients with relapsed or refractory cutaneous T-cell lymphoma (CTCL).
15983470,The review highlights the complex mechanisms of postoperative pruritus and emphasizes the need for basic and clinical studies to address the effects of drugs on specific receptors.
32715798,New therapies for chronic pruritus are emerging by targeting key cytokines and receptors within the neuroimmune pathways.
40813061,"Atopic dermatitis involves complex neuroimmune circuits and the itch-scratch cycle, necessitating integrative therapies to reduce neuroinflammation and break the cycle."
38680970,"The review aims to guide healthcare providers in effectively identifying, assessing, and treating CKD-associated pruritus to reduce symptom burden and improve quality of life."
39276195,"Key findings include increased Th17 cell infiltration and IL-17 expression in keloids, highlighting IL-17's role in amplifying the inflammatory and fibrotic process."
40884188,"Alloknesis is a pathological form of itch linked to sensitization, involving interactions between low-threshold mechanoreceptors and spinal interneurons via both the mechanical labelled and polymodal pathways."
37178730,"The article discusses the management of Chronic Pruritus (CP), noting that it can be caused by various underlying conditions and requires specific antipruritic treatment."
40000587,"The systematic review found an association between severe CKD-associated pruritus, increased medication usage, decreased compliance with HD treatments, and higher rates of hospitalization."
32741227,"Abrocitinib, a JAK1 inhibitor, shows potential for treating atopic dermatitis by targeting the JAK-STAT pathway."
36119001,"This case report describes a rare presentation of macular amyloidosis, highlighting the variety of localized cutaneous amyloidosis and discussing the potential role of Janus Kinase inhibitors in its pathological pathway."
31940044,"Dry skin-induced itch is mediated by receptors and mediators, such as MAS-related G protein-coupled receptor family, transient receptor potential, and chemokines, supporting a histamine-independent pathway."
27886901,Understanding itch signaling pathways is crucial for developing novel therapeutic approaches for atopic dermatitis.
16583223,"Pruritus is mediated by a variety of neuromediators, such as neurotrophins and neuropeptides, in addition to histamine."
37768658,Inhibition of the T-cell immunoreceptor with Ig and ITIM domains (TIGIT)/poliovirus receptor pathway may amplify the antitumor immune response of atezolizumab in programmed death ligand 1-selected tumors.
24360854,Novel small molecule inhibitors and biologics are being developed to treat Atopic Dermatitis by targeting specific inflammatory and immune pathways.
38598229,"The study aimed to determine if guselkumab, an IL-23p19 inhibitor, provides clinical improvement for participants with Pityriasis Rubra Pilaris (PRP)."
27543416,Understanding the contribution of glutamate receptors and related downstream signaling pathways may provide a new opportunity to design better medicine for the treatment of different forms of chronic pain.
30033061,"The mechanisms of neuropathic itch are poorly understood, resulting in reduced treatment availability."
40711469,"The study assessed INCAGN01876, a GITR-targeting agonist, in patients with advanced solid tumors, noting that doses ≥5 mg/kg every 2 weeks resulted in full receptor occupancy at trough."
40317187,"The study assessed the efficacy and safety of rilzabrutinib, a selective BTK inhibitor, in patients with moderate-to-severe atopic dermatitis."
39424975,Obtaining pathophysiological insights into the generation of chronic itch is essential for understanding its mechanisms and the development of innovative anti-itch medications.
36979447,"The review highlights the multifaceted role of TRPV3 in various skin processes, suggesting its potential as a novel target for regulating skin regeneration and treating related skin diseases."
40181807,"Molecular biomarkers, including LOR, IL-31, and TRPV1, are crucial for refining the diagnosis and guiding targeted therapies for Allergic Contact Dermatitis."
14623709,"Cutaneous neurobiology involves complex interactions between peripheral nerves, the immune system, and various signaling molecules, mediating both normal and pathological skin functions."
22367178,"Technological advancements have provided unparalleled insight into the complex mechanisms of pain and pruritus, leading to new therapeutic possibilities."
31907139,"NMDA receptors may play a key role in neuraxial opioid-induced pruritus, suggesting that NMDA receptor antagonists could offer therapeutic advantages."
38866636,Studying cancer therapy-induced dermatotoxicity helps identify molecular mechanisms governing skin immunity and deepen our understanding of human biology.
31566796,"The pathophysiology of chronic itch in atopic dermatitis is attributed to crosstalk between keratinocytes, the immune system, and non-histaminergic sensory nerves."
41212421,"A better understanding of the triple interaction between sleep, pruritus, and phototherapy may help to improve outcomes for chronic kidney disease-associated pruritus."
41351479,Epidermal growth factor receptor inhibitors (EGFRIs) are used to treat breast cancer but frequently cause dermatologic toxicities.
11460891,Oxcarbazepine is an effective anticonvulsant for managing epilepsy and is often better tolerated than phenytoin and valproic acid.
27027596,"Hypertrophic scarring is influenced by complex pathophysiologic patterns involving neurogenic inflammation, mechanotransduction, and stem cell-cytokine interactions, suggesting new avenues for therapeutic intervention."
27595395,Astrocytes in the spinal dorsal horn are identified as key players in the mechanisms underlying chronic itch.
36635208,"The review aims to address the pathophysiology and interactions between ocular itching and eye rubbing, which are common complaints in ophthalmology."
39979642,"Elevated CXCL10 expression, potentially mediated by mast cells, may contribute to sensory dysfunction in cutaneous neurofibroma and represents a potential therapeutic target."
26590341,"The dynamic nature of G protein-coupled receptors (GPCRs) controls signaling in time and space, providing novel therapeutic opportunities for pain and itch."
26900059,"The evaluation of itch and pain requires various methodologies, which can be challenging and sometimes contradictory when applied across different models and conditions."
37511610,"Atopic dermatitis and pruritus are linked to neuroimmune dysregulation, which can be triggered by environmental factors such as particulate matter."
25663760,"Biliary drainage is cited as the most effective therapy for pruritis associated with jaundice, although medical management includes drugs such as ursodeoxycholic acid, cholestyramine, rifampicin, naltrexone, and sertraline."
28641031,"Current therapies for nonalcoholic steatohepatitis (NASH) remain suboptimal, highlighting the urgent need for safe and effective new treatments."
41440960,The variability in Primary Biliary Cholangitis (PBC) treatment response necessitates personalized medicine approaches guided by non-invasive predictive biomarkers.
28073787,Whole exome sequencing identified COL6A5 variants co-segregating with chronic itch in affected members.
34033148,The type 2 immune response plays a major role in the development of pruritus in various itchy conditions beyond atopic dermatitis.
33147885,"The development of diphenethylamines as selective kappa opioid receptor (KOR) ligands is presented as a promising strategy for novel pharmacotherapeutics, offering alternatives to conventional agonists."
41535530,"Sleep disturbance is recognized as a modifier of dermatologic disease, and the systematic review found associations between sleep disturbances and various hair loss subtypes, including AA and AGA."
35226171,"Increased tissue levels of SOCS-3 in mycosis fungoides patients are significantly upregulated and correlate with itching, suggesting a role in the disease's pathogenesis."
30672355,Atopic dermatitis is characterized by multiple phenotypes and requires personalized therapy that targets various immune pathways beyond the traditional Th2 axis.
23135211,The text proposes that neuropathic mechanisms and the central nervous system contribute significantly to the pathophysiology and maintenance of chronic pruritus following burns.
16423451,"Brachioradial pruritus, a neuropathic disorder, was refractory to most treatments but responded to lamotrigine."
33247430,"A novel population of GABAergic neurons (LJA5), marked by prodynorphin, was identified in the ventral brainstem and provides an inhibitory projection to spinal lamina I, which can reduce pain and itch."
17010747,Dermatologic side effects associated with EGFR inhibitors are related to the inhibition of EGFR-signaling pathways in the skin.
39479087,The study emphasizes the need for thorough dermatologic evaluation and follow-up in patients receiving BRAF inhibitors to optimize management and avoid unnecessary treatment cessation.
35038165,The feasibility trial comparing intrathecal morphine to sham injection achieved a 46% recruitment rate and a 96% protocol adherence rate.
31419544,Crisaborole treatment resulted in early improvement in lesional signs/symptoms and significantly modulated key AD biomarkers compared with vehicle.
37453613,Difelikefalin rapidly suppressed itch without altering AD-like skin.
28890086,"The study reveals that the sensory nervous system utilizes classical immune signaling pathways, such as those involving IL-4Rα and JAK1, to mediate chronic itch and influence mammalian behavior."
28577806,The management of atopic dermatitis-related pruritus is increasingly focusing on directly targeting neural transmission pathways using neuromodulatory agents.
37634890,The text describes the neuroimmune interactions underlying type 2 inflammatory diseases and the need for targeted treatments to reduce associated symptoms.
30150993,Novel therapeutic approaches exploring both H1R and H4R are being investigated as targets for histamine-mediated allergic diseases.
29248522,"Targeting PDE4 reduces the production of proinflammatory mediators in AD, and Crisaborole 2% ointment is an approved topical inhibitor."
33811449,Understanding the endogenous mediators and receptors involved in itch transmission is crucial for developing new therapeutic approaches for allergic diseases.
23551368,The management of itch in atopic dermatitis requires the development of novel targeted treatments and efficient use of current therapies.
25572554,The balance between the production of prostanoids and the expression of their receptors is crucial for maintaining homeostasis and is implicated in the development of pathological conditions such as allergy.
35223190,Translational immunology allows generating rational therapies for Atopic Dermatitis by understanding its immunopathogenesis.
34560104,"IL-33 may be a predominant mediator of itch in certain contexts, depending on the tissue microenvironment."
25861783,"Protease-activated receptors (PARs) are critically involved in itch and sensitization of itch, making them good targets for novel treatments for chronic itch."
17653196,These data demonstrate that GRPR is required for mediating the itch sensation rather than pain.
33963624,Neuropeptides are hypothesized to be novel potential targets for the treatment of atopic dermatitis.
35626720,The pathogenesis of atopic dermatitis involves disrupted epidermal barriers and the abnormal release of pro-inflammatory mediators from keratinocytes.
34225894,"Progress has been made in identifying therapeutic targets and pathomechanisms for Atopic Dermatitis (AD), suggesting new avenues for treatment."
38139833,"TRP channels, Mrgprs, and PARs are discussed as therapeutic targets for the treatment of pruritus."
34281281,Pruritogens contribute to the pathogenesis of Atopic Dermatitis by interacting with immune cells and acting as inflammatory mediators.
41099016,Mast cells are increasingly recognized as key contributors to the initiation and amplification of atopic dermatitis (AD).
37048783,"Atopic dermatitis exhibits significant heterogeneity across different ethnic groups, suggesting that genetic predisposition and dominant immunologic pathways should guide tailored treatment strategies."
25873897,"The H4 receptor (H4R) represents a potential drug target for conditions like asthma and pruritus, offering therapeutic avenues beyond the established H1 and H2 receptor blockers."
34249003,"TSLP is strongly implicated in the pathogenesis of cutaneous immune-mediated diseases, highlighting its potential as a target for future therapies."
25339380,The text reviews the roles of Innate Lymphoid Cells (ILCs) in inflammatory skin disorders and their therapeutic potential.
40357939,"Non-pharmacological therapies are essential for the holistic management of Atopic Dermatitis, but their effectiveness varies, highlighting the need for tailored approaches."
30685562,"Treating chronic itch may be challenging, but an arsenal of treatments are available and many are on the horizon as we expand our knowledge of mechanisms of itch and the neural receptors involved."
35742951,"IL-31 plays a crucial role in the pathogenesis of systemic skin manifestations, and monoclonal antibodies directed against it have shown therapeutic efficacy."
41521300,"Washed microbiota transplantation (WMT) was well tolerated and significantly improved AD scores (SCORAD, EASI, DLQI, NRS) while also altering gut microbiota composition."
26630350,"A combination of topical and systemic therapies, addressing peripheral mediators and targeting the central nervous system, is preferred for managing chronic pruritus."
35890193,"The text reviews the neurobiology of pain and itch, highlighting the need for pharmaceutical targets and novel compounds for their concurrent treatment."
39406262,"The bacterial eIL-31 induced marked pruritus in some horses, while the mammalian eIL-31 induced mild pruritus."
37665064,"The review summarizes possible mechanisms, such as sleep problems and inflammatory responses, that mediate the relationship between atopic dermatitis and various mental health concerns in youth."
28215300,"Neurotrophins play a critical role in the bidirectional signaling mechanisms between immune cells and the neurosensory network structures, influencing allergic inflammation."
35269828,"Atopic dermatitis pathophysiology involves a complex interplay of genetic background, skin barrier dysfunction (such as filaggrin mutations), and immune responses, including IgE-mediated sensitizations."
28098721,The endocannabinoid system (ECS) plays a role in maintaining skin homeostasis and may serve as a therapeutic target for various eczematous dermatoses.
31631717,"Despite current management strategies, there is a significant unmet need for Atopic Dermatitis treatment, with emerging approaches targeting inflammatory pathways like the IL-4 receptor α."
25164568,"Cytokines are highlighted as therapeutic targets for inflammatory skin diseases like eczema and psoriasis, particularly those expressed in the uppermost skin layer."
40639777,"TRPV channels are pivotal regulators that link cellular changes to the immune system, and their dysregulation contributes to autoimmune pathology."
20846147,"The pathogenesis of pruritus is complex and involves specific mediators and receptors, such as interleukin-31, gastrin-releasing peptide receptor, and histamine H4 receptor."
33917069,"JAK inhibitors are potentially effective strategies for treating Atopic Dermatitis, although they are associated with adverse events."
41495658,Itch is driven by complex neuroinflammatory processes involving peripheral activation of receptors like TLRs and central glial contributions mediated by cytokines and signaling pathways such as STAT3.
31157635,Therapeutics targeting the key cytokines IL-4 and IL-13 show potential for revolutionizing the treatment of atopic dermatitis.
39608174,Pharmacological suppression of the NLRP3 inflammasome shows promise for mitigating the pathological aspects of Atopic Dermatitis.
34261335,"Type 2 immunity plays a prominent role in various skin diseases, leading to the development of targeted therapies such as monoclonal antibodies against IL-4Rα."
38824908,"Lichenified dogs exhibited significantly higher IL-33 immunostaining compared to erythema, alesional pruritus, and the control group."
36610396,"Periostin links NF-κB-mediated inflammation with type 2 inflammation and promotes itching in allergic skin inflammation, suggesting it is a promising therapeutic target for AD."
20553229,"Neurotrophins, including NGF, BDNF, NT-3, and NT-4/5, are critical protein growth factors released by sensory neurons that regulate the bidirectional signaling between the immune system and the neurosensory network."
41291177,Topical delgocitinib is a pan-Janus kinase inhibitor that offers a corticosteroid-sparing alternative for chronic hand eczema by simultaneously targeting multiple cytokine pathways.
27592075,Advanced nanocarrier-based regimens are emerging as effective therapies for managing Atopic Dermatitis (AD) by providing targeted delivery of therapeutic payloads.
41556018,"Sleep disturbance is a major comorbidity in inflammatory skin diseases like atopic dermatitis and psoriasis, involving a bidirectional interplay with pruritus and inflammation."
38932349,The plant-made M1 monoclonal antibody demonstrated similar improvements to the commercial Lokivetmab in treating pruritus induced by canine IL-31.
18280606,"The gastrin-releasing peptide receptor (GRPR) mediates itch sensation in the dorsal spinal cord, and direct injection of a GRPR antagonist significantly inhibits scratching behavior."
35986664,"Week 16 efficacy parameters, including EASI and pruritus Numerical Rating Scale, generally increased with week 16 trough concentration."
29533490,"Effective treatment for atopic dermatitis requires a proactive approach that addresses persistent microinflammation and improves the skin barrier function, often combining emollients with anti-inflammatory therapies such as topical calcineurin inhibitors or corticosteroids."
26768665,ΔNp63 plays a key role in the pathogenesis of atopic dermatitis by acting as a transcriptional regulator of cytokines such as IL-33 and IL-31.
27448446,"MRGPRX2 is a GPCR expressed on mast cells that plays a role in host defense, allergic reactions, and chronic inflammation, and can be activated by host defense peptides."
21622248,"The H4R is suggested as a potential therapeutic target for chronic inflammatory skin diseases like atopic dermatitis, unlike the blockade of H1R and H2R."
31343082,"Despite its mechanisms being less understood, UV therapy/Phototherapy is advantageous for treating chronic pruritus due to its wide range of treatable conditions, low side effects, and ability to be combined with other treatments."
32343720,"IBH-LE skin displayed substantial transcriptomic differences compared to healthy skin, characterized by downregulation of genes involved in tight junction formation, alterations in keratins, and upregulation of immune signatures like IL13."
24667097,"IL-31 and IL-31RA were detected in infiltrating cells, keratinocytes, and nerve fibers in atopic dermatitis skin and normal human dorsal root ganglia."
31641698,FLG knockdown in skin organoids caused subtle histological changes but did not affect transepidermal water loss or epidermal ceramide content in mature organoids.
17703497,"Targeted silencing of the COX-1 gene significantly accelerated the scratching behavior of NC/Nga mice, whereas the COX-2 siRNA showed no effect."
21485793,"Lipid nanoparticle encapsulation of tacrolimus (T-LN) was developed to enhance targeting and improve safety compared to the commercially available reference product, Protopic."
21294778,Serum IL-31 levels were significantly higher during AD flares and correlated positively with disease severity.
1635598,A correlation was found between the exacerbation or induction of atopic dermatitis and the consumption or direct skin contact of allergenic foods.
24321252,"The study characterized IL-31 production in beagle dogs, showing that Th2 polarization and stimulation with Staphylococcus enterotoxin B (SEB) increase IL-31 levels."
30409247,"The pathophysiology of chronic itch is attributed to crosstalk existing between keratinocytes, the immune system, and nonhistaminergic sensory nerves."
28389872,"Understanding the key roles of glial cells may provide insights into the mechanisms of chronicity of pain and itch, suggesting they are important targets for treatment."
37079850,TRPA1 was significantly enriched with rare variants that discriminated chronic pain patients from healthy controls.
32788559,The compound DA-0218 was selected for experimental assessment and significantly reduced the sodium current in Nav1.7-expressing cells.
30627644,BDNF deletion in the adult altered few itch or acute and chronic pain behaviors.
24856969,A monoclonal antibody targeting the NaV1.7 channel shows therapeutic potential for suppressing both pain and itch.
25846611,"Pain research aims to clarify neuronal mechanisms at the peripheral, spinal, and supraspinal levels, identifying targets such as voltage-gated sodium channels and NGF for developing new treatments."
37975421,"MRGPRs are promising drug targets for conditions like itch and nociception, but their study is currently limited by the scarcity of potent and selective ligands."
39493768,"Compound B is a novel, orally active antagonist that potently blocks Substance P-mediated degranulation and histamine release from mast cells."
